{
	"credit": "By BrettSaunders for the Craftory Plugin",
	"textures": {
		"texture": "craftory:block/powered/cores/gold_block"
	},
	"elements": [
		{
			"name": "Box1",
			"from": [0, 0, 0],
			"to": [16, 16, 16],
			"faces": {
				"north": {"uv": [3.5, 3.5, 12.5, 12.5], "texture": "#texture"},
				"east": {"uv": [3.5, 3.5, 12.5, 12.5], "texture": "#texture"},
				"south": {"uv": [3.5, 3.5, 12.5, 12.5], "texture": "#texture"},
				"west": {"uv": [3.5, 3.5, 12.5, 12.5], "texture": "#texture"},
				"up": {"uv": [3.5, 3.5, 12.5, 12.5], "texture": "#texture"},
				"down": {"uv": [3.5, 3.5, 12.5, 12.5], "texture": "#texture"}
			}
		}
	],
	"display": {
		"thirdperson_righthand": {
			"rotation": [75, 45, 0],
			"translation": [0, 2.5, 0],
			"scale": [0.375, 0.375, 0.375]
		},
		"thirdperson_lefthand": {
			"rotation": [75, 45, 0],
			"translation": [0, 2.5, 0],
			"scale": [0.375, 0.375, 0.375]
		},
		"firstperson_righthand": {
			"rotation": [0, 45, 0],
			"scale": [0.4, 0.4, 0.4]
		},
		"firstperson_lefthand": {
			"rotation": [0, 225, 0],
			"scale": [0.4, 0.4, 0.4]
		},
		"ground": {
			"translation": [0, 3, 0],
			"scale": [0.25, 0.25, 0.25]
		},
		"gui": {
			"rotation": [30, 225, 0],
			"scale": [0.625, 0.625, 0.625]
		},
		"fixed": {
			"scale": [0.5, 0.5, 0.5]
		}
	}
}