{
	"credit": "Vanilla Additions Resource Pack by JustTimm - https://twitter.com/JT_Additions",
    "ambientocclusion": false,
    "textures": {
        "particle": "block/random/lily_pad/lily_pad_0",
        "texture": "block/random/lily_pad/lily_pad_0"
    },
    "elements": [
        {   "from": [ 0, 0.25, 0 ],
            "to": [ 16, 0.25, 16 ],
            "faces": {
                "down":  { "uv": [ 16, 16, 0,  0 ], "texture": "#texture", "tintindex": 0 },
                "up":    { "uv": [ 16,  0, 0, 16 ], "texture": "#texture", "tintindex": 0 }
            }
        }
    ]
}
