{
    "textures": {
        "all": "block/white_wool",
        "particle": "block/white_wool"
    },
    "elements":[{
        "from": [ 0, 0, 0 ],
        "to": [ 16, 16, 16 ],
        "faces": {
            "down":  { "texture": "#all", "cullface": "down", "tintindex": 0 },
            "up":    { "texture": "#all", "cullface": "up",  "tintindex": 0 },
            "north": { "texture": "#all", "cullface": "north",  "tintindex": 0 },
            "south": { "texture": "#all", "cullface": "south",  "tintindex": 0 },
            "west":  { "texture": "#all", "cullface": "west",  "tintindex": 0 },
            "east":  { "texture": "#all", "cullface": "east",  "tintindex": 0 }
        }
    }],
    "display": {
        "gui": {
            "rotation": [ 30, 225, 0 ],
            "translation": [ 0, 0, 0],
            "scale":[ 0.625, 0.625, 0.625 ]
        },
        "ground": {
            "rotation": [ 0, 0, 0 ],
            "translation": [ 0, 3, 0],
            "scale":[ 0.25, 0.25, 0.25 ]
        },
        "fixed": {
            "rotation": [ 0, 0, 0 ],
            "translation": [ 0, 0, 0],
            "scale":[ 0.5, 0.5, 0.5 ]
        },
        "thirdperson_righthand": {
            "rotation": [ 75, 45, 0 ],
            "translation": [ 0, 2.5, 0],
            "scale": [ 0.375, 0.375, 0.375 ]
        },
        "firstperson_righthand": {
            "rotation": [ 0, 45, 0 ],
            "translation": [ 0, 0, 0 ],
            "scale": [ 0.40, 0.40, 0.40 ]
        },
        "firstperson_lefthand": {
            "rotation": [ 0, 225, 0 ],
            "translation": [ 0, 0, 0 ],
            "scale": [ 0.40, 0.40, 0.40 ]
        },
        "head": {
            "rotation": [ -30, 0, 0 ],
            "translation": [ 0, -30.75, -7.25 ],
            "scale": [ 3.0125, 3.0125, 3.0125 ]
        }
    }
}
